business,avg_wait_seconds,avg_wait_minutes
Lyft,180.8683765501691,3.0144729425028185
Uber,177.83934475503457,2.963989079250576
